	Ensemble-id	nagative	positive	Uniprot	ENSPdotID	ENSPID	GeneID	Ensembl_gene_identifier	Protein names	uniprot
0	ENSP00000295269.4	0.03070356	0.96929644	Q6AI14	ENSP00000295269.4	ENSP00000295269	389015.0	ENSG00000180251	Sodium/hydrogen exchanger 4 (Na(+)/H(+) exchanger 4) (NHE-4) (Solute carrier family 9 member 4)	Q6AI14
1	ENSP00000305151.7	0.04466151	0.95533849	Q96N64	ENSP00000305151.7	ENSP00000305151	114825.0	ENSG00000170234	PWWP domain-containing protein 2A	Q96N64
4	ENSP00000456480.1	0.04822108	0.95177892	Q8TEQ0	ENSP00000456480.1	ENSP00000456480	92017.0	ENSG00000048471	Sorting nexin-29 (RUN domain-containing protein 2A)	Q8TEQ0
